X1,X2,y
245.94049601793532,274.74544004522284,7474.9584967366
461.6614303613419,162.15665301913214,9791.999221177053
463.51283415186225,355.8836887654454,12145.809632034636
406.2072736913921,479.8538284267556,12646.808788980712
400.21171648373485,291.0412692389824,10310.07717466879
499.2024181757896,206.7075113679553,10956.531694821047
500.39920536092785,325.2027338465569,12391.184229926661
407.7067667427269,103.28252900065482,8182.523956483424
379.6479415497961,67.18471930453427,7240.5753169101035
611.2055848093687,425.73492964880495,15506.128849539027
449.81489352036135,255.4817894895801,10714.942495023439
245.9375397322643,206.26694905864008,6652.83259725163
422.44617016630224,295.6248384935427,10739.81310731479
556.9056153374444,248.9719459294162,12471.217320487307
406.6183711166687,192.07045305584163,9225.460717616676
655.3598536529828,163.05682361078752,13105.655871310779
400.4869235254996,393.87324781386644,11544.804018888482
675.500409153076,280.8175433667254,14866.534244274697
561.4160607377871,241.9289418543978,12431.142715051576
647.2062831071833,53.33828638720021,11625.839227526552
183.12610113195637,82.30118860362461,4103.133132960282
397.054671178559,401.97914798759757,11561.011118755207
467.68636161150204,400.45090000255374,12763.760016411376
354.1273491015083,92.04670554381298,7118.341387779607
604.5911023482107,242.12088169462166,13170.77547427745
504.87223752850286,305.61720152643716,12241.821670759047
573.802299532703,398.94563443823756,14546.38433494092
511.7210985519657,296.7108137408336,12270.52468672154
514.5462906913309,236.56827819163675,11581.719415784724
177.83134022801153,267.3281404676088,6208.352536185452
691.0483115523597,230.11664648122098,14496.887005375222
446.8260156086731,218.73944437749847,10229.8495001225
327.7036611291784,329.57575433961995,9511.758899768349
6.2311148708594715,138.94586726010965,1781.7682002695342
577.5609050533901,242.39944112941163,12729.27389031413
248.50591294108858,214.41614117907048,6788.815554386121
557.5388111556908,195.22476859481162,11810.837069493247
395.8911410097346,239.87812327920975,9619.0350664883
519.8823664096914,214.22354344961803,11391.177364146384
532.3574737850481,300.8265835507657,12648.458221695213
671.5890987481971,284.37031116989306,14830.130678220048
610.0780630669481,152.70877708261224,12212.157189965059
753.8518633124534,290.25067151074325,16279.894588541987
765.0116162622091,196.86434730981375,15354.558074175959
572.101613404758,306.3267346396003,13410.943311487554
467.03150079763316,261.78000369338463,11053.07262861523
747.2586463179996,347.1498721396443,16842.772755333026
386.1461764320934,249.1335388415576,9554.7539680334
299.3105743097842,301.4375801116216,8704.367794361995
793.7545733354418,376.7006473001841,18025.244337142678
420.7261688549664,348.42195116646707,11337.42500606802
516.1458607298134,340.4205757885537,12883.283969353313
506.38440659297225,335.4527102797617,12637.367124562748
662.646473062264,323.4021744617745,15151.57272069601
410.65891018058306,82.77225541244772,7976.7386104121
419.8444054823673,319.64731712438953,10964.347588167182
418.43001381897614,99.72881393655686,8332.095435667417
680.443163777489,161.943474309851,13504.373363643332
321.18536316148607,162.0979763234609,7413.268639165848
668.883457125056,106.34010504236156,12639.357362171719
409.3887342003461,191.4762268734932,9251.155235540045
436.0118943232462,215.3101743564507,10006.755275707177
574.9273089855897,569.8267288270986,16615.82537799382
550.8181245966016,221.2095127424946,12022.810367094013
412.37566012675245,273.91022893548103,10295.962136269038
374.8702612857783,327.91675004799197,10312.215019297064
604.3953067779712,305.52364303905495,13936.287934770557
290.6316328010702,363.55572143815994,9295.232712869767
338.51061059221166,176.43242354743336,7885.847180624869
519.6834235568213,511.43499773580965,14986.375712445562
448.75531022943414,356.0445329827179,11896.310756944387
529.3166261980365,300.41952844114815,12597.413265710717
639.1555992895125,225.36235622544174,13579.64289779067
935.8699377726202,371.0655434504306,20366.690384295605
616.1986586742237,442.26995436004626,15780.794907088197
540.8397201323885,280.6015189468391,12582.664673681826
642.3832845582334,403.53192831129263,15757.068070644604
796.2047337369185,530.7731452673432,19907.149053718298
335.29396246637555,266.8419836334335,8924.463668018556
590.5827698940984,402.6743736532167,14871.987191228964
506.8963154542182,297.87310465634073,12199.054323567008
526.1305378914411,260.2546596974333,12071.365020838628
411.8185669543377,403.35052131185176,11835.510890067235
696.044048883292,367.76855227300445,16233.291999947945
615.143821366981,152.9646456677593,12301.513058983852
534.5440236321584,201.74431205307098,11504.3630071832
538.1725584852614,161.58110295245206,11076.401346626846
439.06856615857293,130.10785736367401,9044.650380633613
344.2163935291564,102.72046761171643,7082.883895723806
455.96911635948345,67.64575693590592,8560.040349258668
242.55072561137507,285.0462195796715,7547.009186656029
323.60433206627977,385.13126176848414,10137.58793635039
594.8571785473378,167.92752354273904,12117.729111445271
539.0999541282993,555.4751744088674,15831.866311712534
479.1312476426634,460.88341114426555,13661.637567385374
678.3415832745072,241.87834915199232,14436.79126987894
468.02323667532187,495.26403534678957,13889.329360736025
573.3401477657848,223.25046765804416,12447.258675120185
448.8818226071358,210.17144679052979,10151.358721317712
362.28585135713763,351.57591402760505,10374.820764496995
339.6754006568887,226.66821550466375,8484.930203307618
634.9969055157562,236.60429446744925,13645.744937506259
442.6188724075027,258.37283117136855,10627.446969539396
515.6549872357994,245.84180457753644,11717.438753984401
356.3754746352705,364.15959171263984,10435.64996769123
466.4885338486702,207.7986881791499,10424.571391131904
912.8527204714742,232.38731078018304,18295.81921168345
245.37238481499384,338.28594177314255,8227.573098147386
604.5174244153318,236.78809063218569,13123.562757974718
456.41476619031937,431.6878447041358,12926.290211998336
256.5124709343164,487.32686320760854,10212.85399082081
457.79067657680866,141.2823058984245,9487.259781880357
561.4759297822668,453.16295852811345,14982.480019161972
648.4515940745212,303.1261501225971,14663.136984329267
467.7967796947935,558.9907441787743,14663.05778065368
493.7630325223765,150.53215726162003,10209.050868535529
707.7678012205278,493.48589946019376,17942.091339733102
764.3295648332505,119.31766381556358,14428.513382683695
525.7117766257562,175.19084082584033,11026.737683217176
520.7087523836675,293.4717172388049,12370.430385023417
570.4419607339086,217.3323821361479,12288.488956162018
611.7500153423691,314.2227855773759,14179.150672956208
597.2808672353224,262.0506279895952,13286.1147750388
478.90129194103577,163.19895076187342,10089.252416088715
219.24245308716314,524.2373563095138,10019.23104711001
253.50723435926275,186.9453908258721,6549.251985009213
874.4495803999603,46.734262884033086,15430.378930948978
203.92359161439003,444.79407999942504,8803.360350375566
319.951853749061,476.4726210566629,11166.527198200296
562.2495026963148,515.5658987638905,15732.703137871422
339.6986293763452,299.01927914165316,9355.560054392858
282.5621924879324,253.46944778804757,7856.350695840167
473.78462604122285,503.11858091684616,14090.268533830893
455.0297516203879,262.57628273679626,10861.251897439128
497.663520919239,374.357434049959,12951.308491154303
637.6006802286926,340.8748933679904,14935.850339768365
405.20005491820325,435.7896553212712,12125.412347734344
571.6995450588131,289.773555130466,13188.932184129842
271.2037816407144,213.554793613288,7179.852273535924
322.9790506050083,373.0967293166987,9973.988029586375
463.2860655810942,88.15497154153786,8938.674466768914
532.1290890398794,100.42394765948208,10243.740457403686
291.11714770969274,496.21520005724767,10911.269060943065
571.9235418090561,416.8682317169666,14716.418634973435
443.6275458370132,285.4328353455508,10966.737563191686
345.1741732195858,309.56627172434287,9583.594943452308
643.6579941078625,211.85008648386525,13482.381431740943
671.5631419264104,193.6575724760192,13733.8839536487
443.6196440575736,310.68874805685493,11282.209935516976
366.35118347094397,239.62020478151356,9106.93695130462
361.54426115646265,92.09092297372288,7226.58730136423
465.13512262747236,410.53662966197885,12823.097246353655
616.4693042643685,314.5819303856199,14269.344001206939
425.7046750796874,330.5707160949999,11216.774160111781
412.68116491779654,263.8483790178787,10181.863385765388
486.3307776653622,268.48252133846955,11496.463701006865
604.1215056822541,148.06961181272305,12041.81916294232
546.6014367099764,277.01518571526026,12620.112279042118
721.465709082383,229.42300817027075,15009.397974377245
412.355756056647,216.59526047458806,9610.254258799088
583.7604412307971,355.14833559356265,14209.701285231115
419.1693278622305,284.69360730249366,10540.719741431038
449.08112254933036,213.86598475159462,10191.853896201628
404.2594591767664,431.91018933478676,12057.919542449737
566.8756321291482,419.671013228165,14664.395521060153
511.32891524756536,172.08657786918803,10766.030118417117
488.67326754397817,109.38652962613503,9618.818932123633
660.2613933521833,240.6569249670407,14082.792550934562
469.05698787014563,330.6391473250754,11956.515922427307
675.814748227986,240.56669883621203,14360.550186205575
487.6825729436556,427.70356901278706,13414.26318846552
681.1117836881979,499.6008065396169,17578.137495554278
625.1699141241406,292.6506752046932,14117.139781529964
716.7998969366681,249.17355881663644,15166.320168338598
505.55048759726895,200.0852108441794,11005.888548821436
309.95233307281745,305.9020591610537,8940.00760775353
333.12831062376154,272.5093106398324,8933.860651994008
462.1341225539845,412.96727541845587,12800.214765666627
495.0940705939705,165.0502734056654,10374.98048767715
578.988650347616,355.80998799912743,14104.267264861362
389.2689385098422,382.8041324326948,11214.868618660545
704.7755685731736,283.6100693970385,15371.340696306952
466.44687547795183,96.2767139137504,9087.610426307636
564.7673611948078,301.7530878106788,13200.428165056574
235.41678156190994,176.71236676671273,6096.7866006887125
304.9078042663124,100.25951589423181,6384.403160980214
595.6284043789535,385.55235300470355,14748.836338303667
576.8259636373732,40.8447967462366,10285.434878440028
485.66660379041656,293.030319704022,11779.078385701025
634.9489153244804,354.23534925811606,15068.640732454789
477.16925761405355,124.22605192167799,9617.938255992973
374.07913093624313,219.66470816998088,8998.384514657811
595.1662219187549,440.22128891289265,15403.172480648946
741.9042712852142,271.10581996945655,15878.23804402157
532.5564413516913,302.91135304953445,12672.641695911097
723.7471228886773,297.5467323818287,15877.829857934586
620.1820470477245,463.65911376026827,16125.608996971194
589.4631108424071,372.05210382480163,14485.633272152167
686.4058898349143,492.33734388582076,17590.377954426396
494.0504097732851,283.8293010302668,11828.033895853418
593.4785670627035,437.57542199857215,15351.176671119141
578.149698719238,55.06737263842831,10503.830798697994
458.84454018026406,241.52346750940018,10715.001104656147
241.7212258232023,185.81151379904873,6334.548616508031
477.6635784021533,280.0910972894871,11478.620772099435
716.003197770538,263.4569385862283,15338.91117419917
362.4418023704906,248.0941286060436,9141.814262148562
421.57150095855445,295.8094310628644,10728.96921145143
506.7183139162798,235.88842545333796,11431.49889538145
555.7588303282607,384.31436498775236,14061.482091341106
760.0346926462405,71.61387262917114,13770.551014272978
809.6289571075076,569.4705732594209,20621.765596185953
250.68242560610554,278.704100112187,7598.725544188996
525.2353976120802,413.9416112558787,13883.909312612781
488.964859917806,469.669641254844,13963.131913169515
616.1202425118156,381.99751589085076,15052.080951394846
408.89091810118157,307.5771453094467,10648.03225351514
343.7782851521279,58.862307100964216,6555.912158383873
477.478892222454,289.1700530716313,11582.613678953792
430.26439539349053,262.21938258835024,10465.091654231981
352.47982992473976,325.61241972739276,9903.851157310659
766.8884732686929,205.94331396260242,15490.632969180042
376.90306935696316,144.2631395841287,8141.5499209042555
407.68627796657694,200.82112724748816,9344.071433444891
556.7860673844848,423.65214397648884,14557.206027822234
523.4473725888225,441.2865574464438,14193.849818460243
789.0659093441145,375.0611610035058,17947.865249179475
322.10741722655297,377.0615644751239,10018.098227789493
368.5347729342358,406.5655460304806,11165.273479242607
792.4479200548435,302.49134159006246,17108.513492904654
491.2136103377542,134.3034846159,9972.845628645213
318.0580756988968,154.1400348132134,7253.531437257799
522.5308779325535,268.2536029534242,12100.595401853643
658.3433808105024,109.69471957620476,12483.310761613937
357.6877824863809,398.99309315082013,10866.956000727274
611.4452068300117,373.05691465164944,14871.4669654242
443.72601509583825,141.1149103510389,9237.434461968112
512.1422357821743,344.18648707581394,12823.557875327891
536.2861786422832,19.768006069808905,9332.384825662757
341.8155884910435,436.2408794526339,11056.134235469854
343.35884726964423,239.34036423238908,8715.72404002572
500.0794716335448,460.06955019771567,14025.41854825306
610.055482354056,445.0329338429141,15723.27118272976
346.2752237478957,42.071191382552286,6404.878689497165
400.70932651806226,336.46855768599806,10842.516159685469
304.0791837638439,417.51191079330465,10194.737477385728
878.0514040040644,92.89377166478823,16049.507257059375
377.9351774895037,368.4460275089182,10839.292040503897
523.144612093675,274.86234060567926,12202.51731383833
456.2635163529653,242.58785421245574,10665.757682676845
415.21508928293576,269.69875899420344,10299.16088816761
387.82394291175353,303.15412766893786,10216.298472636288
233.09543140059907,513.1345765616196,10117.648095209472
711.5452662415148,196.85001531499498,14441.53709931301
669.0942497204137,335.59370355420157,15384.932916070444
374.3020841135386,327.88327314454625,10290.180639019833
329.4129880299387,333.2917599236576,9590.486341134078
596.1578006391748,330.21316599627113,14096.72535261935
205.02935486803233,425.2394472928841,8600.81935210406
546.7888801028313,452.0007117102979,14738.190930137142
714.0943222714433,198.5028718912113,14509.105738275435
564.0471864696813,395.1697610101498,14320.73698610549
561.0013723332821,349.18397802262325,13727.15799907034
471.06140754398086,241.4138302660878,10908.405183378442
744.7168216791438,62.298177970401724,13413.394071464689
472.60457619737474,397.32543793208055,12831.1874893981
559.0304592927337,383.3170729491386,14112.200755184627
396.21862071120205,467.49524956434243,12363.484752582131
447.56223565779896,383.3285996835109,12206.616575460957
570.0524473426957,213.3274404006946,12263.84287525414
564.16843405136,399.7620763863741,14373.488100832925
687.0338095380795,399.36011039164134,16473.112425171537
470.34719074221545,171.34271971062594,10050.72558806059
382.0975088884081,275.7294974952165,9802.826178247886
413.0865749743805,268.6712622272143,10244.382247200636
304.35129329012136,207.29594034559145,7670.286405739736
457.8355967637666,421.8774947906482,12858.395228304862
356.52419302183245,372.33024728133665,10532.266229668872
328.6771914808692,237.69925401014206,8452.329871059444
634.6589871602584,119.51820084073603,12203.7543492189
586.5933763335448,480.05902460323,15721.013281226134
422.71211274433665,454.0154904577045,12650.806828160734
633.1975099633463,385.1921106539971,15367.442194276664
449.70517844878975,338.89717977480984,11712.702100703502
381.33792978012616,403.16454104641844,11309.175452892292
767.854833157357,225.4777904385576,15751.753097216257
460.3416661871611,177.66348321498734,9972.40523104409
550.5344298360855,208.15880892092736,11862.231918201458
560.8097683944444,164.21715392960465,11527.081349995986
406.5098442798957,247.7933635670464,9900.12176211165
528.4720655010789,232.1186968364937,11754.19261881643
207.1407407609778,284.6106468815989,6929.573974974493
335.73852923518433,88.03781689337279,6764.093373481182
601.3618636963502,251.9599211395959,13252.907700797741
468.62224175934927,254.96360180244847,11032.013292943031
344.0305773748913,81.31244834278621,6827.4361141675
466.0507338889946,201.42961649619332,10332.360386728975
651.9109645662728,180.55963499170997,13247.522029102378
392.37416845831854,330.3641107323012,10648.230694591388
650.2866901357266,207.00717619316663,13536.722356451412
316.369917527928,160.8607355421184,7284.082639939999
545.0157538682427,419.15637898828925,14276.553452573047
364.24911590094734,211.40129448353548,8717.89180182447
321.5525822741829,339.15572231785075,9530.617263147367
721.0823961131556,402.00953591013274,17093.17656425525
506.8516925255327,237.11853692790703,11453.956689550776
890.7550677506483,436.46423411214005,20388.865060302058
754.9062051704535,406.57695929665266,17717.23903776305
79.84256848007124,229.5248636113185,4108.74854506542
522.6010867210496,405.2348647924913,13741.99738815049
309.2964527445791,310.56193527791373,9002.84241100546
380.72955523142826,299.5458743705057,10066.778210888857
741.1094649582533,404.2859251004144,17445.04662717626
388.0106027911607,183.6245038555328,8786.954233569399
335.1253191396932,264.2973267004639,8875.321446314365
396.07021553500175,290.3804253804822,10222.767000608626
632.8634345871444,120.75272118808141,12231.144055277875
207.20595189737878,257.5822393136349,6617.831250568466
588.3911786763313,198.76671743932985,12374.58818599152
400.3103261529619,324.46993952737,10702.437235169062
43.60018608881569,409.4342585826191,5662.940589328661
465.1151678098468,140.71360298843425,9603.92237192437
590.8078885444619,332.3064674008815,14029.34578940307
288.4191826652284,421.8132122266642,9949.543708463925
271.2828124567933,410.54690475945995,9550.142199714133
284.8785748392901,270.2985623008459,8083.18160585336
274.4631308449533,281.9244005629965,8032.110910462613
729.2865081530995,356.34770055795275,16676.671414741366
299.1816061582115,203.27175354778296,7505.30554970098
443.61957464176146,180.70636605397954,9698.187774565702
678.1667328990867,357.33314931556345,15820.639121273218
469.35353129909214,211.2356136327112,10495.754543266794
465.05458222967167,107.83604566308296,9190.661932097064
387.0557799629447,166.6646975061384,8580.215416926265
581.696699073385,388.3450856193274,14555.58178995157
505.67511641562777,203.1170898884567,11029.286405009201
507.095423152035,100.8484707111871,9817.901908650665
506.0450187158179,165.51453914280324,10602.649569069636
348.28269874565285,114.52298491278893,7299.122410640825
563.2671867440721,332.5604539211521,13564.650189155771
496.34931573667166,471.463229966404,14092.648349843339
569.3841442346069,324.5988041742171,13593.530121418642
561.5696902846277,-153.07281276082557,7698.26567218542
417.39569270376325,209.07422471693877,9605.554610706295
536.7071520404239,239.31034726020516,12008.866544159691
359.44641590215986,331.83733076771455,10102.107618174892
294.4477406933289,280.8277547953194,8384.498756193543
427.86104670469797,251.20145516458527,10259.8926166427
523.0289250803746,321.39871933688585,12759.392485572344
520.1043949859711,594.9186048517787,15961.649349412193
589.1304398855658,-42.19875141424188,9527.817356158339
575.4814707681757,339.2856986720568,13846.946095366087
356.6099425275895,371.42971190495155,10510.25003973213
650.6758210222803,171.99652654905614,13137.936686586807
287.3169088623791,208.03115869210518,7384.393999072302
172.89912033299913,3.249184258748869,2990.887320299422
386.651733575353,181.71564720760108,8766.41053276737
573.2658546887334,435.0547627661544,14954.480432457263
519.1885160475051,280.2362013265289,12199.859815246326
354.43824131900163,115.40740140701968,7428.338680552274
579.2070050568445,380.94560060439994,14430.901270361543
309.41233358186776,396.810407304318,10026.735270280222
490.34037696028,204.65418090431774,10800.230976498664
538.005491756362,364.6653467899506,13520.886151606632
478.9322923791686,273.34925182985364,11428.148519657188
464.64045368521994,258.4077586676954,11001.230864397483
305.59222701557223,239.07210310042265,8050.009134314566
518.0261201891507,229.1019510515569,11548.770366023462
601.6569557002672,120.03061421209713,11663.97662002321
721.0484346892255,246.15274500916104,15199.25125511903
472.467969980441,282.91377049144575,11440.951712133547
699.6832337689209,346.02741850659976,16042.76542936144
463.385451627379,275.3970498527802,11176.579477410967
501.90672624941476,136.9504954920027,10175.861912657925
438.3487722006935,407.243477402017,12331.650944230001
604.7446426509484,346.44493625289647,14436.311246088067
246.4213242688337,233.2025336936625,6975.628526260567
535.11597447104,167.70652701649345,11114.156474232524
419.54376775841763,384.9410745059324,11737.86482711791
345.72977967407405,193.41615496120835,8210.184880662868
598.4078928894844,470.66486363982756,15845.380999200606
760.7005261544618,313.3746714700271,16697.177272370944
484.65856368272597,155.2374752785359,10096.747132711122
492.66634698174164,315.1921056422039,12148.06527642747
467.3127672912218,246.21846997038668,10903.95145933704
568.4869510774972,243.09021724038507,12589.918535504605
436.5205248887237,378.96688339152746,11977.06527133908
539.0237772863184,241.80351302792093,12048.03022119205
546.9696309231712,483.29929604579445,15110.262172707495
462.7431159732205,143.74318727979477,9578.478635030406
725.4787686686902,149.61846136853217,14119.789235337486
307.5400698389759,290.73144082777344,8707.987735704954
496.33292293356556,202.8024301058417,10879.077962480893
466.38770917713776,41.13730758693413,8422.477877477544
861.6040829689049,305.04969715361983,18320.378910375675
475.73704437682443,415.47121467565285,13086.704959947197
457.58197759719457,232.46150271633647,10574.771017420751
247.2865596974061,304.24772431908417,7853.685022412572
427.4796046988583,373.91449844504916,11749.024542748035
321.0289518664564,315.17171116741,9236.724374538057
636.8273099128686,274.4270896478416,14130.471307511752
507.54079703992124,253.99104722075268,11661.973586127062
769.7595568595025,362.11472118166955,17423.540997347878
504.4020516776113,319.3382245888204,12407.739711503484
463.7214664017579,233.98682438689994,10697.243298392792
455.12073371980176,337.1178791387702,11770.219252162648
297.8266697894343,-107.42446766618895,3775.7852064850395
551.2951970595398,162.1580160711465,11298.944700308391
609.3433219978848,315.12097871085126,14137.263033767613
335.9072725573997,397.48794354879107,10467.813817737844
884.5863919993296,366.58319847848344,19443.562948540108
254.52902356782297,197.8414664229395,6699.582223828117
416.59499946279965,130.1681147151601,8647.457996143174
533.6669766987942,262.70797380150105,12208.616729883528
583.311927285804,430.443244073477,15074.75882871685
381.27381489148223,80.62999973954769,7451.807785639302
796.489761433455,158.61913280473223,15427.352867591148
399.9116595281744,47.02769789875302,7363.893699924654
758.5786980422115,216.38348617683607,15496.621390497725
587.0050295542821,275.15427515677493,13288.67042204965
589.1861142149746,168.7159388683769,12046.032200193975
499.7598791628349,85.84423748132389,9538.829565592592
386.8334587198029,168.55417617540775,8598.620704152207
513.7247708783805,380.173722130156,13297.697119849598
460.3993535547371,247.16387219910808,10783.866626094386
734.6247143479235,364.76583288504594,16872.271149929045
450.59770219471966,298.4812091878545,11234.522230162393
664.9911564277204,373.8074871493252,15776.565433236941
580.1618095582904,97.56184529646842,11021.547164163863
586.3543774084803,230.32982016729306,12744.281876356124
670.9211067831482,260.82507762618786,14539.567818252064
611.9228864941093,384.11476064261745,14997.10059485928
387.9745585720255,96.43327187827828,7751.549070303418
604.0868134637532,262.46948514144276,13431.048186661015
589.0496910735278,265.67055177945275,13180.447017558183
698.6362150770838,309.22542740837844,15572.694142313518
494.60458662346747,185.82291391084755,10627.052485442351
185.36674671669152,411.29855361229863,8080.923753164226
473.42760527702916,492.7818226250074,13961.175157543552
689.1810157069103,254.4237074200353,14793.471651500182
682.5248428149321,396.8901504102502,16379.026541019708
497.7368158491594,280.60623091621767,11827.36600226179
596.0212154439583,129.07463367888965,11694.93691059614
542.7948513858469,149.9457047948962,11025.650248927835
551.8955757973885,258.2004400122612,12490.71327210558
772.7663942521978,253.5875327811012,16184.050044269925
778.6337841331735,260.8202874834432,16363.869461694609
514.497684482015,246.9785816635068,11693.673865593033
492.5948182215001,253.9524343309207,11434.01051647151
382.7064707450022,478.52520075415356,12240.660392772035
615.1324752968585,274.55420952008666,13765.855714722853
647.9194596658979,20.60642094436585,11246.331610123156
177.89005659544483,164.17734156453366,5000.49187903178
565.9614641653285,182.21359749572707,11797.334430484765
463.7709175545448,432.5870964592351,13086.97104742534
530.6855503816396,278.5311593056072,12365.431919692544
499.91470573720426,307.15859539419995,12203.857475856323
686.4640061641611,306.22775782007335,15356.368887634584
618.4209225434297,471.166113650417,16194.139275222746
409.1459618174382,169.14305729138914,9000.494908098579
267.6031254315173,189.50431648207734,6839.506848113852
390.3497137868625,355.40249916062464,10893.940060060022
695.9743276681056,222.0701689115995,14481.152257292179
407.19427260772306,235.1698404844294,9746.818048175657
554.3877624236765,385.0603792656703,14036.627547817805
409.71574633212447,207.76861204673523,9475.792087792277
500.82980485519255,420.74032531289856,13561.13545727811
458.1827576099742,260.00960296137686,10903.26563221347
716.76506957888,231.70482275454196,14975.549671996516
664.4855877796372,316.3639565678002,15099.687445898204
482.1314639960146,212.99444709959715,10772.402260489922
469.94467520732684,262.7788777686579,11124.949543308796
505.5448418544626,334.3464884602926,12602.71204378916
460.3533664970443,161.08634291456127,9765.115756676234
310.8931164769387,502.8105634109993,11339.976494332175
482.3452257470143,318.9924545408016,12033.360886446222
377.47740420819366,513.1357593054106,12589.648673453828
744.0750312811433,384.4807822078399,17259.71863749814
616.158821586536,284.6014279127883,13909.43554870382
491.687816120198,358.8871729779023,12670.756552721425
302.6626579589391,-219.654955838158,2497.269279510785
338.18515920672604,217.64076392477023,8369.413430762115
771.6270728114671,268.47840004819426,16328.003432018197
621.8158303603911,188.68218624599268,12838.308934336867
520.6634164387236,374.7085263638682,13343.790312337733
366.6852197476305,227.8662133365983,8975.863306824644
289.82052335765405,593.916127257503,12070.59770629534
593.0898532859275,224.28926430756056,12777.0713310544
574.4149103597775,446.8543512677088,15155.434920605883
518.8259356444512,293.3463123442441,12331.147006827092
679.8748789348754,166.45772459877935,13552.009773709065
484.74858873923057,307.00190946340297,11921.134358674859
708.7638709952818,278.7426348488899,15388.88204906679
927.0217421407913,256.0222910209928,18841.8001813766
570.6497766189092,342.3801921871995,13821.940368216794
327.12829777296906,455.8601638273526,11021.397298017313
447.4086203476344,385.87956290530735,12228.970173710299
504.13377023339945,378.82935509117743,13092.936780132688
489.56384315276455,259.45705263163865,11447.300328955556
265.3183443101914,282.1716851404424,7903.263265258663
765.3042165987922,229.58110386323017,15751.97311235405
230.81571821759485,241.17935545910984,6831.605296499559
500.7814341232208,236.68298297160874,11337.930354802886
382.28837282198043,229.99357964268302,9268.550695385527
525.1864652059971,168.77589658790336,10945.832457632923
564.0335004338689,251.64836267102362,12607.647592682431
217.34014950931203,392.63834462994396,8401.095786095577
451.37969343391876,236.0788480411093,10492.534372598591
465.1886053319144,270.64593237946434,11149.625804320345
180.39849460858483,115.9959541146927,4460.4665816817205
553.3908548795721,199.86122045857385,11822.366095967784
877.4105445624102,387.4145548494052,19579.263498671455
429.6772709730586,416.18062293744697,12306.59970351803
760.8837010082825,200.12815954520494,15332.98814063915
231.9143901694951,270.7427473379252,7202.1505242243675
805.3711284727228,384.6535621710464,18309.893432202287
329.3733444163414,327.6932329874544,9522.99237265282
487.3787851989989,238.54874846378345,11148.99847158915
308.68640354747237,410.3072530767405,10166.116194975542
209.64620391560362,163.49673861386987,5518.55003612097
579.4538630465637,315.24858539116184,13634.201819513339
522.9473926421796,351.5225288326474,13110.440634029776
688.6965638014243,330.6269722874752,15676.507079130199
267.4462151993502,248.26856211856773,7523.556233357716
555.4096634956026,106.08994909664102,10715.466693997301
571.5538033837868,70.13222327530323,10559.231892829486
423.98854388882484,296.67661503518883,10762.790686461483
752.1605966043486,353.4961235028037,17015.180613228484
331.17448165989913,325.7377550565866,9554.661785423044
600.1546221929132,214.4208771358276,12774.237631252585
715.7029000271407,313.24295646764887,15937.515803108347
304.10126857057463,147.082409612422,6924.7055757401195
599.4582581298138,169.8558516172375,12206.291994851344
182.9285199094041,257.85264744607264,6189.215916210382
597.3438841252887,523.9649958196038,16418.43034622965
259.7161466497132,36.54540974536917,4862.800000542258
483.50391804761745,298.5164946086759,11792.453559733614
520.3019686585242,329.75693942470497,12808.354210289252
583.5362060271344,131.29663104376033,11504.309335959499
370.28579106627956,356.8280130651823,10568.360889218022
570.3443229543739,429.57155737897256,14854.133780811997
357.4357107896964,54.696456923888604,6724.648750716794
544.0005827235594,254.47099069382762,12316.773779532457
532.0524125477863,232.7960828151797,11844.910251687443
404.22448392819274,335.9739591814787,10897.696060163144
500.1954713298035,251.32537327402204,11500.133104750195
555.5231033521309,59.48455469536759,10150.573833456872
435.01186816251766,178.57832814400712,9544.531683025762
741.3569589598894,247.30002566635463,15553.271620388254
561.2161700489065,212.30746753996885,12100.996213120383
339.6024467945646,145.15799942264698,7505.96185950186
418.23239073432103,505.53890325652503,13182.055968946252
391.16480106904953,293.4313894202943,10158.354093455948
582.8132342696556,-2.944757362978919,9850.168053756877
353.5200268463758,248.55888201377638,8997.779807766849
792.8269077828951,9.855179373834233,13601.171949864776
825.4342451598353,409.9142317829552,18939.053282484052
514.2469387791393,80.05923819834922,9715.959453131989
328.1505952321713,329.8569470994212,9538.473215575994
569.6590235966121,323.59877876171186,13581.078559832562
417.781070031534,308.26083039799096,10812.200108083809
487.2561444239336,278.67472748479645,11643.15609220572
299.3948527326621,251.53524373237937,8111.071418806585
649.9632312938202,150.07077675368282,12833.54214267015
665.2310909606638,-54.661174414010134,10655.708184706215
512.5722621849258,344.0946948564612,12847.425169572787
581.3163096796951,197.73132753108217,12240.720749718903
364.2105919448841,68.323931819731,7018.941047760515
313.66178454741004,256.64513718777187,8407.939541092404
462.1129073492168,287.6482955467824,11303.28929871042
665.3468520593999,155.7442275926029,13183.458735807257
216.6863360762469,212.46023109493018,6258.65698899974
518.6287401056574,544.1291213841,15361.342195447693
446.81338640051956,139.08747254658826,9275.84039674983
545.9895887430429,252.29732434134445,12325.490440510112
617.7349667620717,228.93995989949536,13234.211352506858
556.0611799123026,180.65734433151744,11607.274484838252
434.8068736042468,294.044590283626,10922.268517297814
497.93542340661605,171.52403664214714,10507.671904526664
420.6282440767763,355.50551910525166,11421.79019978986
729.8368418795623,187.88998597596492,14670.478812990395
603.3253619509055,115.75649955580394,11641.790245263284
507.7253379852622,360.67011481621773,12958.360461761196
514.4955046166907,134.62688329605524,10363.554370431078
763.5782795589419,256.37869893632814,16057.096319808617
471.4226804465752,373.8878530390856,12492.745084416734
538.189667370023,146.55525807865493,10905.039273131597
292.5690211789504,282.8997273549671,8368.028901782252
761.7857628979626,284.9816768227062,16380.660461144396
418.4139965568616,93.52963729518953,8249.049109791971
548.3248850815356,500.45649581697467,15334.838789194553
521.6004577608235,436.93373138874244,14121.203974018606
598.8973627459428,379.0532211078745,14725.974724065254
278.303685473202,471.56559486762967,10381.936655577583
401.61725366516544,261.810735813903,9971.50409553905
378.0191042570833,253.98058565807497,9485.12107287721
625.6500228201218,438.16149015326135,15905.707023276162
449.3651413087429,371.23764502043406,12090.66663503214
496.97708830879793,277.47604108036694,11768.89985697868
640.1014805417336,262.6846099780508,14024.190631239408
537.4684658590954,378.4201489747572,13691.170814501458
505.04682775813865,170.03364161363504,10629.858860880557
439.58010584730295,379.399655061176,12036.294673446824
587.2660390239299,440.98081879585675,15270.964053110049
420.31169734538724,316.826069871811,10948.915544101636
352.17238424976017,451.0077526905651,11375.927642889763
474.56470764059776,393.84857219085626,12801.08602939701
338.6379595669623,171.92528800094817,7826.851376908375
625.3960539283272,304.4487966112562,14290.749179014225
368.39240251565343,414.9636868842907,11234.270694036799
339.7214540983581,396.74438105936656,10534.453541414248
466.5455823494774,290.0832239443976,11433.802356354385
392.76252794609076,352.9739211675593,10900.685657043534
569.8549302361706,288.0140819539143,13151.772631521993
481.1930316541892,482.1285206073917,13972.33269837949
588.1603065891705,274.4250409011807,13284.267643689134
532.5316522165489,327.86586166353715,12982.405252675131
264.3228491191045,174.8206963392284,6587.8005544482085
490.03190187326646,259.47411088154956,11437.24408140176
729.4614810395409,241.894068298555,15315.755834474772
631.0771078349196,167.5153202738832,12714.68259988644
463.8270760974406,192.78739349821433,10190.969330671656
405.1496277237831,264.6144049647124,10073.193885955332
426.91136408702494,338.0592113991304,11307.854421303533
599.6458262060021,297.9225048217198,13759.17375898435
384.16859744364365,192.62773596304692,8828.245288361757
487.9647022725616,375.3552950926193,12805.878853110882
494.41369450881626,238.06717258478133,11250.829470434333
547.9241909427635,192.31294203203413,11628.586343638308
635.1230137181419,336.048365488603,14843.999191532417
397.24781784879406,74.42139680007469,7642.795847262878
547.6618782076666,299.0229413442554,12887.880090743043
822.8168217911098,263.4367593754797,17155.390682501216
221.21979321926028,205.22580198877603,6208.432643157033
492.09197731820126,304.37702516538917,12020.422294297228
425.39301743005547,288.33610485846725,10698.455369233256
389.75730102984744,337.83866671337,10675.348802603554
496.56486270463773,357.6729441263259,12721.67829218682
243.73331069577284,421.8038870582285,9204.40271464433
316.31185067403607,263.01225185666317,8516.98004773346
945.5934311931645,255.88603710396598,19153.0949941422
365.09244304986044,356.80878163452223,10499.087360921976
627.8516704635117,180.10339598095285,12836.469496010048
696.0546069175075,278.5024511874989,15181.785432382248
512.9457603576636,456.9139587478662,14201.513691953092
794.8741756688452,407.76289420231825,18404.873405130318
669.9253736520855,151.58675083497553,13191.522808777012
600.1509353565177,328.2047632447508,14142.259152275394
618.014676379954,183.34994872596366,12715.614202824172
476.0616372886273,414.9165015821168,13068.320580922562
481.5169760635189,247.93485822084418,11148.711924312076
567.480177046955,316.26879037581284,13436.72513179221
530.2952810197011,187.96755695818018,11274.036899626699
203.15983375179434,127.00426302286013,4966.857742291612
440.06878672113675,502.10973168236603,13490.339741116115
444.86837916552736,318.3124415216498,11376.64060697605
528.9957727437078,311.7133821118674,12744.231305609808
246.093175467339,207.05107038621418,6660.353047335724
375.1994531437988,250.26400161883413,9388.739473970807
464.5726014771685,318.62564547935057,11720.508031954396
198.19107573818428,300.4605778671749,6971.7568341598735
495.85563542114045,457.47115235271644,13920.146169559492
645.3443338548458,263.82938482802075,14135.688896608612
320.51105964931935,166.62240402859726,7438.936456255321
345.95265660211874,292.1672754089499,9407.308417036147
489.9011241607901,132.74884473398677,9926.847815222825
415.6202190491285,200.29305309810752,9480.776294990823
463.7154500733781,184.8323972850044,10108.804677046413
552.4189467218275,435.8976504983078,14639.069376359193
508.411365555219,241.5565178204834,11540.22615400704
637.3701000674755,210.583289454007,13355.997822769496
253.55325626959032,231.20672807862985,7107.286859539936
487.1538758173846,163.27041169915273,10220.045756316536
284.5394175198786,93.06155636932914,5955.658323893376
587.1740956069889,378.297926871597,14530.594535783117
414.73449202897154,180.93525204943836,9219.667575812568
654.3657111643729,249.3150359503899,14118.86655564542
535.3862807189507,173.5479576711973,11214.504365984507
523.9314182061868,274.625141025223,12207.288616104715
329.0607869418026,132.86740604702337,7182.331153759829
363.4874950007087,196.2582164488651,8519.197702886993
317.7620434739468,111.46282648408746,6742.544943834024
684.4163013598117,179.20011575875762,13780.465952543671
581.9017293874023,472.1360343037528,15563.237872291525
587.8410538072521,70.31022426233599,10833.599072806303
479.3557252764621,138.00447089018238,9791.787311172242
374.70160579720107,329.98797528743887,10327.82886848811
561.668700090396,457.5958088499272,15036.475411201636
476.2466144242136,313.37395767400983,11839.470218137503
579.9276731982964,466.52395377974426,15438.969392660525
471.8397528038207,431.59283450988517,13206.08580611088
357.23293772305146,116.46731063028545,7478.108161906593
441.5803344509884,300.92116312364664,11093.064663981988
279.7547383488719,212.03860032611885,7307.079993856194
528.6996569693559,239.59292381764968,11875.910485699855
356.50288439736005,229.96731673910938,8838.47133173097
495.2317987592563,380.5400848555569,12969.306845725192
512.9548274786592,379.8824808651376,13268.943486029495
392.30073614769157,238.8512397927118,9546.528880428394
179.4792914431166,80.9192899514648,4043.101052188202
449.9447739636091,435.4070062128817,12868.641202765875
999.4116035213744,524.706268747977,23280.230166526133
478.0887814658295,319.73228200435466,11955.506316663294
347.98283877912166,388.0269366458318,10566.86948064896
512.0681801836279,181.30849915584758,10876.884080835222
574.4053674128616,171.27325040323495,11822.854566630582
740.9143128897716,162.21005241700192,14538.194162830257
654.0712846957438,258.5258359477473,14207.171894467825
621.1373216425948,369.6119044227212,14993.76344785098
308.76333706678304,319.05302081905694,9075.93655306575
389.4378043061989,228.79907591156623,9344.867863954418
694.9408396943558,291.25116824900084,15280.02171728449
381.1876134018037,498.2215355818056,12475.560284529134
635.6424863840555,227.68134807208816,13550.802205857726
602.6872341150414,125.12219687293512,11737.036559437516
310.15989448253663,346.9414762641264,9445.119289225904
284.75208942188533,120.52828046404213,6275.584641254484
489.6694974679531,318.5289034204401,12132.060057830671
126.64505072040913,280.2991779019297,5519.267888386216
439.65217993359727,169.0499656650695,9506.959962424167
433.62428380750544,316.4385420793022,11166.416321712988
589.397638974362,202.72961768386045,12454.915359003346
684.2790615828136,149.5190162537511,13432.32834286313
386.0195441160476,321.1098411631865,10411.997963631324
396.78132693237626,260.11153838100694,9852.131507058903
440.09420073864493,309.2817776102362,11184.929517025721
249.85795933532998,383.1143483674553,8839.58040189511
295.6332386566538,327.49600379566346,8952.091744335006
503.56299696884065,96.84176239304313,9720.783187337745
606.8590136350184,556.0898558580404,16983.611080107155
781.5523073511056,320.405873987472,17146.45639354546
327.1726107203889,461.6776157707819,11116.328153067043
322.3738978453439,332.63486216489815,9481.755825440147
444.4392434025102,199.534540427641,9952.247330801156
306.3209705330803,174.1692030435758,7309.726231780516
608.6794660741208,515.1407579912311,16527.28245051434
637.3041472601435,294.49921520134467,14343.704104020979
564.1965390425258,381.7373848696934,14154.934297578777
291.78100694018633,279.39710429849384,8312.250546917696
468.76830020902645,326.8203969955621,11876.830679069051
451.70657347466704,137.52645007345393,9304.09272163274
421.1330794275159,359.9012049054313,11469.155823751196
240.879178969385,151.23881278077192,5912.576244830986
624.8080117195168,465.69999961090963,16228.166809427345
596.6679659123524,205.88923168665224,12609.462226541877
607.3811097817407,305.7684904251151,13984.56381002749
335.4533756884425,267.84547060187225,8915.772481811702
717.0621320489502,281.7497222689787,15560.860886925135
372.2410667521781,378.8409267311925,10876.189218947211
539.147871820435,155.064549908535,11012.435164128841
443.52099163035075,272.82937723559075,10824.86290550359
338.45367396777897,178.67649569522345,7894.773230057999
369.3109346419286,144.93751256002224,8032.793789640362
311.8457439289727,256.61542237284993,8382.226409279954
564.7036396373336,256.44381099408815,12686.422656430992
593.3408657496192,407.16892054852735,14957.787937244422
548.0950709451303,440.08075682349715,14612.01633295948
464.6827237280066,226.46570804692226,10604.203575787587
476.6902475305778,237.76257307529403,10947.093904867386
382.1887580646056,243.98868285842016,9428.603239893546
407.691822254725,116.08112401954199,8326.054063296544
527.2327420912584,478.64186595674676,14690.762678354944
602.6500812857522,294.44937744634905,13765.407871305884
562.0556610331199,265.730458736656,12764.867666455817
397.21313746638816,233.88534856834661,9555.948427285803
538.4136370186151,487.9548214037397,14991.81622416495
482.61095413607484,315.99674117867846,11995.160148251402
510.24606400421425,190.05863962421753,10959.9808521125
350.4027444968126,274.8513961058197,9238.207654519718
639.434841255352,221.46840789062506,13528.326431419373
516.5929319464217,211.9580604766732,11310.971541029043
812.4350830212943,292.58424067805936,17313.50481453614
338.56431631782675,297.09672478170637,9317.279660126173
313.3675699455,408.6297542266483,10218.946798680085
699.5940998558557,278.4908501190829,15225.21213379643
466.6897796436146,240.84022200008803,10829.919743577546
567.967886024708,425.18480424144394,14769.45826393085
512.6302994501187,352.98350788558184,12974.545843336107
892.4333636453135,396.47463518901316,19921.743740568858
805.778725573171,121.59333206048075,15155.102088703296
529.4809520120832,158.10569831048787,10929.02632340577
370.6670634205135,427.7146186153633,11430.152836559902
397.4318372696575,285.22466705522584,10187.354980423244
290.75721630455774,72.12941781615848,5780.83568171538
439.3105712630243,249.53994703493217,10459.580707354557
530.6112989689185,386.24271478961884,13672.894246897073
674.7245475266476,183.02221518971461,13671.953903936772
357.71211322090335,153.77484499253723,7923.363433092672
430.19479673111596,332.9733862367268,11305.578511001304
493.9144668762078,401.96116125859464,13239.15153190753
283.7480304820283,312.0611311274487,8572.083916758273
490.5208422475095,248.15861038633753,11308.788989894572
276.7373568570749,274.2644024875355,8020.415974046515
650.7396708675426,300.642487193782,14664.101361784047
799.2657859384944,82.52916040191289,14571.624379870284
696.875040099278,360.24805153929645,16181.89489301566
434.2078188517357,374.51109563611533,11871.013134809415
485.926725050851,252.95643310225614,11308.766831461588
764.7913140412904,368.2617659918527,17410.747545120088
432.27641531546817,168.71146342594534,9362.440145949113
813.7786580140914,199.84767325585025,16233.283093487666
626.3621274197803,252.69102507098944,13669.035071204406
722.4217962539695,312.5916974736177,16016.486529137906
246.43638585828478,442.70166850192925,9502.598326880394
146.45879821009788,401.10189642063017,7292.690876865648
480.7264139400357,550.0973846104371,14768.879408897956
500.64963457970214,202.80153366201387,10937.266300163885
551.9327399592872,402.26196834180604,14208.420546975609
608.1220876153301,341.9984231626479,14434.158250365486
163.8251957849887,575.7893759203007,9695.955736136297
315.25419166269694,357.61695444033603,9647.9142725908
512.4688638105989,465.42403838492623,14286.015562927685
308.03441997753634,263.75952497584944,8392.542402647101
683.65536046748,157.82626818531747,13508.71539701219
520.4354399197077,417.3928706587944,13853.82361457971
529.5610179452997,392.6527202309047,13696.746396469418
490.5395352953066,107.23010162776555,9620.74587598824
646.5004595061205,311.80712942329393,14738.479196439062
443.24449745744096,255.36040839842423,10631.780813107585
511.7580744660968,268.1678741458884,11906.924019346405
410.519224625677,211.3368414469958,9500.20445110333
559.7090453956495,389.42450726769584,14186.0826935551
504.4209190854563,172.69043949327244,10645.516384016028
359.2041852037976,544.0446180866222,12637.44315861375
778.9949062505169,290.60127610865203,16732.26731580916
359.20851796914246,365.8323353562797,10479.532930151721
352.8423920329893,83.19269557077754,7013.8802413236635
624.330255394828,315.4213323172767,14379.732923232044
498.6654673000336,368.30610517907576,12899.70879386694
452.7763079901134,284.6652308901729,11114.798582003006
846.1274658150927,198.78105564486776,16777.925399430474
567.8378047034348,445.83259039296206,15011.224252655227
450.450607335052,365.24943817292916,12053.89523067391
615.8922099480291,271.341078478135,13719.962956527303
495.94570558675457,187.29787491627266,10673.488660003506
724.6712378538487,292.11574376514125,15825.338105156088
359.68318813673,312.7326701357956,9868.171170317988
617.6411869367274,142.07397734604533,12204.07483199036
406.3336351950744,459.56806379766493,12420.279236052442
392.83522334936424,364.3188720977882,11034.033900768458
685.2039137435779,39.65879044977805,12125.851099506115
789.9516007966461,264.8173433263074,16600.81347387082
535.5472278783739,401.75492223825677,13916.87609716271
508.0808707868857,181.78955677975344,10803.910630049222
629.2028057074198,368.68182085678086,15121.495180590726
576.4575141863967,159.76623515840362,11732.735224185999
430.0005759227532,460.55949237512516,12830.562861599086
487.25749543850566,274.61651306624714,11578.587286299575
185.0925412780096,242.0431143812644,6061.007293697484
598.9777882622332,313.28897666602796,13969.887173248795
642.1907819877573,3.973911534990407,10964.853059076433
644.7360883433973,477.0075895959558,16682.341906462745
269.6786216167659,-48.95205783270012,3994.2270145146663
219.54905171734356,135.43548727842278,5353.02978478098
534.4936286901076,443.90694079852915,14423.050827776955
396.31838463513947,248.85385342074017,9722.632125025213
361.3103757048335,325.69892583090524,10054.25810191524
446.4439833567206,184.99417779113298,9796.74598558182
613.0225730508529,321.76673094459295,14282.316170712655
679.2506194185614,237.61117565967947,14392.534215566724
337.46748948978586,159.3982481339437,7663.83495852372
647.8570656871054,221.82605697940863,13688.282163695128
696.5990491879179,249.4145544245952,14841.517593826065
581.6110002394744,310.5805241353411,13619.338198226364
492.913662774415,533.3879906163737,14794.609242569273
524.657557709077,36.47901826363946,9359.081878153984
385.6703742517968,241.25724613654052,9437.74585118283
513.4737415302354,423.00245491299904,13815.638656651825
360.23589967644654,177.68378983139382,8275.526358256142
421.1302103331092,538.5195045362302,13619.944046075561
239.60213230961756,271.69832800204324,7318.496221003794
530.6667735097366,367.5686198747329,13431.800721657948
382.81856701627635,260.06493709265226,9599.536333052954
786.9757679630497,260.5602115114135,16506.605442079184
519.1750301280066,101.36053353230378,10041.853803683733
678.9379020200632,256.0227924012835,14629.72901375174
378.4345075492642,220.54501309755221,9072.563129254842
552.7786205852383,196.75703752760452,11748.149247459349
513.8026956423201,187.40080779206676,10986.002248117697
625.6602023587408,367.61535529866916,15040.953947343003
695.900892413326,287.30646435811843,15294.070548299342
508.30436414865216,225.508103075597,11349.60401607436
563.3603051189137,115.02460330652735,10969.405783284432
538.1716412780263,412.53012845524745,14079.264404678823
572.2492397207207,266.1517391952546,12909.075776462709
604.4802377601269,230.7307695749991,13031.445980714578
462.62314245624685,213.19804143124605,10428.99005073739
443.31866639607244,515.6442190298831,13714.808858411736
169.18351438171476,277.43896940378863,6219.557331876386
542.9317678465482,271.9274208321594,12485.680118019394
425.6151961347456,269.82022574541804,10469.106964255847
487.1235624815788,286.85275168459003,11708.917285943662
442.9430489590737,430.42881270990324,12679.248074133175
486.0360725167238,148.19817700095712,10045.436428795547
240.28145132178565,491.3779878824713,9969.188705405375
246.32356055017968,392.2158843441266,8887.208322566159
648.7438861479058,172.5285251564111,13069.303958680679
504.1492836520304,267.3013825209236,11768.797691169359
383.0850917805703,313.16204920289954,10283.452427821188
436.1707097377605,410.1470113365983,12327.057186597363
271.14441679478284,77.27664077287656,5527.1247613114865
445.48660720412244,235.79339474277467,10426.813780358689
593.9441053647638,353.43844263911575,14349.818654317813
695.4103919066847,281.2997683507388,15186.679643085306
329.1028047801105,445.07571066557426,10925.35973455117
670.8261367554564,102.37827805263052,12629.7134332794
604.8719063751568,139.80187036801803,11944.730059577518
515.6097469310005,226.1483149960305,11486.203637151442
628.9246467330286,423.6885102775029,15770.920618301465
512.9248592724409,351.77541085029736,12949.973107453136
720.6863590296704,540.7725612550415,18733.762864963224
444.07095749268495,309.6707189633875,11266.352059557634
447.20661654817457,319.28741557955067,11441.93383467886
125.94331319706191,282.51273186198836,5525.293717074437
136.18176478202224,333.495166891654,6327.468668885719
827.5241419971325,241.29590237166715,16974.703899647575
725.9639553117282,180.06506807533356,14498.98863556352
633.7058027630688,452.744561830119,16207.471451305995
334.4694118378794,336.0655585754304,9707.862885893295
419.5035693745077,178.5350294186353,9285.924858669843
221.57637781215902,460.4342880346749,9276.591749298183
607.6009057400428,329.5700382235249,14280.224366203116
729.2621176086321,342.5132358035556,16491.2263289519
665.5233379326281,440.3065835481301,16603.64585880607
756.3458550452098,281.44850000803797,16217.147873446449
494.6611537526485,73.3165871204418,9298.069366618107
502.28309888235253,263.4167649500303,11695.55456607787
679.5753663556368,299.18915877531856,15135.990632370444
456.5301214793708,250.21389862588404,10777.653630953586
703.792752803555,256.61351971498823,15044.2631128855
275.0435472872217,281.09041822746894,8037.484379498828
439.9758921833611,288.9845875393142,10961.32475344706
650.2244553081047,550.8471525466834,17661.33519594021
542.1088044064132,310.94841425826695,12946.01758991006
162.01951149317358,260.55718346640646,5882.628826128926
632.2077342050262,379.05904936902476,15294.013204911073
124.46907965848231,152.96415217571928,3957.7538980847467
456.45597281551863,20.832547704220815,8019.03499345872
577.556481724151,246.80825158700551,12778.781963241609
603.9202349694599,438.6376671265416,15536.74204789608
679.603580838869,183.3841227898082,13763.509981937392
566.0777897649228,244.3792593909292,12576.365087135717
337.6616013648911,304.9518349238919,9419.869205906347
733.0721409303437,388.4548605522044,17136.495752535826
83.15448843565775,448.5680075852064,6788.106561520637
745.689445894908,353.4103792489741,16904.162170557545
512.8597793271892,53.57607196090035,9369.537834571558
349.0597602566668,241.51581924207508,8836.151133266509
201.5936962079711,364.93998297518806,7791.996580708424
317.94869774144615,244.26415023645276,8332.441457008566
555.5841612500672,439.6932516192768,14706.256248254358
447.973647595753,294.0225557644057,11148.057864058488
262.31861450688103,393.0275075995893,9181.69180060627
489.9054956262439,403.65799273828486,13161.407352198417
543.2853414565337,221.52412515528852,11892.272047242615
394.65747018812925,273.4544445294837,9998.361100728745
623.7555531442332,303.2063251356641,14239.955701479708
454.8425746311838,233.60019384199018,10563.626308973839
704.2020753878576,382.3337438922526,16574.947422529123
450.9539684455662,357.57928209574845,11938.49129502575
612.3110022568005,406.30972605342527,15276.968392217119
354.84714280802376,260.34238253218416,9161.936134412019
659.3093526435341,320.5479594577132,15046.724147288767
288.3094192082521,476.3291845659015,10611.046493192383
748.0274456416187,241.75083950132318,15606.491924861779
214.41143881003825,249.54422218796645,6633.268658047992
463.21173158406464,386.2577335329412,12514.427018991286
375.4676421325927,402.96873834293706,11225.145122001346
346.9169941014384,240.48137850809286,8805.058614651116
462.6195965176298,313.4212887860169,11629.43372008153
632.2026425245775,453.5189658504901,16226.615144615027
566.0075741796107,307.00897336894405,13315.609625379224
712.9881941418968,-5.361205464007583,12061.19949088601
539.353179245993,249.47640083289295,12162.973079350966
351.099406925066,311.56075735397513,9727.93601939496
495.447519791477,188.32870573317186,10679.813905933439
527.5355877033672,182.19483756698156,11160.986255384434
361.2441346214992,245.41600348648979,9078.70666259264
442.1399422811071,426.59994278875035,12626.465276839912
569.1223578621714,348.969898516601,13869.922611473556
351.835933443258,282.97115404565466,9374.168669416185
667.242125379289,242.13625822400036,14256.859674935264
465.99669538929,331.61211261488097,11893.12928543362
749.1786831052707,425.42318760098885,17841.57522140642
610.8316784167117,181.10315418217812,12569.87041414374
440.51869092327206,301.63432318355734,11119.41725672411
695.1375844685437,418.8116640422794,16832.883692274085
506.8803123803749,176.75094909644116,10732.089556078043
567.4228909776506,308.96159011252405,13346.989013411923
414.1512257980095,346.9508776521104,11203.077085184032
595.5502450064638,248.05358047684592,13098.404649677062
534.0580621324958,389.5745346649748,13749.291980536285
620.6447712764254,166.68273218796566,12540.107174364237
678.121131335184,194.24277835538663,13871.343950873292
381.63141426089055,53.48894131394118,7114.810375883414
664.4036335695513,218.3310401844422,13922.597265547744
597.6299844711178,526.7440943375549,16456.75100775258
351.45891936184785,330.33047067494863,9934.730167833184
305.98413125856655,100.27385324148489,6400.110249407384
450.53036093451107,526.4569686258825,13977.89586984684
418.21924777037856,286.07056312342405,10538.651356225095
